"","usaf","year","month","day","hour","minute","winddir","wind","ceil_hgt","temp","dew_point","atmos_pres","rh","data","season"
"162616","161700",2015,3,5,7,0,40,21.1,1350,7.6,-2,1011.2,50.6,2015-03-05 12:00:00,2
"162623","161700",2015,3,5,10,0,40,14.9,3000,8.4,-3.3,1014.1,43.5,2015-03-05 12:00:00,2
"18715","161700",2007,12,17,10,0,40,14.4,22000,6.6,-2.4,1023.7,52.6,2007-12-17 12:00:00,1
"162609","161700",2015,3,5,4,0,20,13.9,2400,5.6,1.7,1011.4,76,2015-03-05 12:00:00,2
"101287","161700",2012,2,10,4,0,50,13.4,2400,1.3,-8.9,1017,46.6,2012-02-10 12:00:00,1
"18708","161700",2007,12,17,7,0,40,13.4,22000,5.4,-1.9,1023.1,59.3,2007-12-17 12:00:00,1
"101320","161700",2012,2,10,19,0,20,12.9,2100,-1.1,-9.1,1014.1,54.6,2012-02-10 12:00:00,1
"48484","161700",2009,6,21,4,0,40,12.9,3600,18.3,10.3,1008,59.6,2009-06-21 12:00:00,3
"201505","161700",2017,2,9,10,0,30,12.4,4500,8,0.6,1018.1,59.6,2017-02-09 12:00:00,1
"183704","161700",2016,3,22,22,0,50,12.4,6600,13.9,4.8,997.3,54.2,2016-03-22 12:00:00,2
"47142","161700",2009,5,27,19,0,360,12.3,900,21.1,6.6,1016.8,39,2009-05-27 12:00:00,2
"38922","161700",2008,12,26,13,0,40,12.3,22000,6.4,-1.9,1025.2,55.4,2008-12-26 12:00:00,1
"136390","161700",2013,11,11,13,0,20,11.8,2400,13.1,7.2,1007.5,67.4,2013-11-11 12:00:00,4
"100794","161700",2012,2,1,7,0,30,11.8,750,1.1,-4.3,1007.6,67.2,2012-02-01 12:00:00,1
"80367","161700",2011,1,28,10,0,40,11.8,9000,8.6,1.1,1011.2,59.3,2011-01-28 12:00:00,1
"62699","161700",2010,3,9,22,0,40,11.8,750,3.4,-0.4,1004.1,76.2,2010-03-09 12:00:00,2
"18729","161700",2007,12,17,16,0,30,11.8,3600,5.8,-1.6,1024.7,59,2007-12-17 12:00:00,1
"17047","161700",2007,11,16,4,0,50,11.8,1500,9.1,-4,1012.3,39.4,2007-11-16 12:00:00,4
"3744","161700",2007,3,10,13,0,60,11.8,22000,16,-0.5,1021.5,32.5,2007-03-10 12:00:00,2
"62712","161700",2010,3,10,4,0,40,11.3,900,3.5,-1,1002.5,72.4,2010-03-10 12:00:00,2
"38929","161700",2008,12,26,16,0,30,11.3,22000,5.4,-2.3,1026.1,57.6,2008-12-26 12:00:00,1
"5116","161700",2007,4,4,16,0,50,11.3,1050,14.9,5.9,1004,54.9,2007-04-04 12:00:00,2
"201519","161700",2017,2,9,16,0,30,10.8,2700,8,0.3,1017.3,58.3,2017-02-09 12:00:00,1
"101314","161700",2012,2,10,16,0,30,10.8,3600,-1.1,-8.3,1015.5,58.1,2012-02-10 12:00:00,1
"101293","161700",2012,2,10,7,0,40,10.8,2400,-0.3,-7.5,1017.8,58.3,2012-02-10 12:00:00,1
"62577","161700",2010,3,7,16,0,50,10.8,22000,7.5,-1.2,1016.4,54.1,2010-03-07 12:00:00,2
"43439","161700",2009,3,20,13,0,50,10.8,9000,9.1,-5.9,1017.5,34.1,2009-03-20 12:00:00,2
"3800","161700",2007,3,11,13,0,50,10.8,1050,12.8,1.6,1027,46.5,2007-03-11 12:00:00,2
"217840","161700",2017,12,2,19,0,30,10.3,6600,8,0.4,1011.9,58.7,2017-12-02 12:00:00,1
"211589","161700",2017,8,11,13,0,220,10.3,22000,26,8.8,1013.6,33.7,2017-08-11 12:00:00,3
"200213","161700",2017,1,17,1,0,50,10.3,2400,2.4,-5.1,1010.4,57.7,2017-01-17 12:00:00,1
"200206","161700",2017,1,16,22,0,30,10.3,2400,2.2,-4.8,1010.4,59.9,2017-01-16 12:00:00,1
"191513","161700",2016,8,11,4,0,350,10.3,2100,20.5,12.9,1015,61.7,2016-08-11 12:00:00,3
"181409","161700",2016,2,10,7,0,240,10.3,1200,11.2,3.7,995.9,59.9,2016-02-10 12:00:00,1
"165084","161700",2015,4,19,1,0,50,10.3,1500,11.3,2.7,1018.7,55.5,2015-04-19 12:00:00,2
"162602","161700",2015,3,5,1,0,30,10.3,2100,7.8,3.8,1013,75.8,2015-03-05 12:00:00,2
"108145","161700",2012,6,12,16,0,240,10.3,22000,22.1,10.5,1006.5,47.8,2012-06-12 12:00:00,3
"102709","161700",2012,3,6,16,0,40,10.3,1200,9.4,1.5,1016.5,57.8,2012-03-06 12:00:00,2
"94320","161700",2011,10,7,19,0,40,10.3,3600,13.8,7.5,1009.7,65.7,2011-10-07 12:00:00,4
"89946","161700",2011,7,20,13,0,230,10.3,22000,23.8,11,1006.3,44.5,2011-07-20 12:00:00,3
"62706","161700",2010,3,10,1,0,50,10.3,1200,4.1,-0.4,1003.1,72.5,2010-03-10 12:00:00,2
"48491","161700",2009,6,21,7,0,50,10.3,1500,18.3,9.2,1009,55.4,2009-06-21 12:00:00,3
"22941","161700",2008,3,5,19,0,40,10.3,3600,7.6,0.1,1012.1,59,2008-03-05 12:00:00,2
"201512","161700",2017,2,9,13,0,30,9.8,2100,8.6,0.5,1017.6,56.8,2017-02-09 12:00:00,1
"195085","161700",2016,10,14,22,0,70,9.8,1200,16.9,14,1008.1,83,2016-10-14 12:00:00,4
"174142","161700",2015,10,2,7,0,40,9.8,1800,19.3,10.7,1017.8,57.5,2015-10-02 12:00:00,4
"116184","161700",2012,11,5,13,0,250,9.8,22000,19.2,10.9,1003.9,58.6,2012-11-05 12:00:00,4
"105331","161700",2012,4,22,16,0,250,9.8,22000,17.4,-1.7,1010.1,27.2,2012-04-22 12:00:00,2
"98661","161700",2011,12,24,22,0,40,9.8,2100,9.4,0.9,1020.2,55.4,2011-12-24 12:00:00,1
"82208","161700",2011,3,2,16,0,20,9.8,2400,6.3,-2,1018.4,55.3,2011-03-02 12:00:00,2
"82159","161700",2011,3,1,19,0,40,9.8,3600,6.5,-0.2,1015.6,62.3,2011-03-01 12:00:00,2
"62591","161700",2010,3,7,22,0,50,9.8,22000,4.3,-4.8,1017.5,51.6,2010-03-07 12:00:00,2
"62382","161700",2010,3,4,4,0,30,9.8,3600,8.4,5.1,1001.2,79.7,2010-03-04 12:00:00,2
"49959","161700",2009,7,18,10,0,260,9.8,22000,24.4,6,1007.2,30.6,2009-07-18 12:00:00,3
"48477","161700",2009,6,21,1,0,50,9.8,22000,19.9,9.8,1009.7,52.2,2009-06-21 12:00:00,3
"44660","161700",2009,4,12,16,0,40,9.8,22000,21.2,8.7,1004.4,44.7,2009-04-12 12:00:00,2
"18690","161700",2007,12,16,22,0,50,9.8,22000,5.9,-1.9,1024.2,57.3,2007-12-16 12:00:00,1
"3751","161700",2007,3,10,16,0,50,9.8,22000,16.5,-2.8,1021.1,26.6,2007-03-10 12:00:00,2
"3737","161700",2007,3,10,10,0,60,9.8,22000,14.1,0.6,1020.9,39.7,2007-03-10 12:00:00,2
"209225","161700",2017,6,29,13,0,250,9.3,22000,27,7.9,1006.2,29.9,2017-06-29 12:00:00,3
"201526","161700",2017,2,9,19,0,20,9.3,2700,7.3,-0.1,1017.9,59.4,2017-02-09 12:00:00,1
"201498","161700",2017,2,9,7,0,30,9.3,3000,6.6,-0.1,1017.9,62.3,2017-02-09 12:00:00,1
"182419","161700",2016,2,28,22,0,40,9.3,1500,14.6,9.1,994.7,69.6,2016-02-28 12:00:00,1
"163749","161700",2015,3,26,1,0,80,9.3,1200,12.4,10.8,997.8,90,2015-03-26 12:00:00,2
"161694","161700",2015,2,16,16,0,20,9.3,3900,12.8,5.9,1015.2,62.9,2015-02-16 12:00:00,1
"161687","161700",2015,2,16,13,0,20,9.3,3300,12.8,6.3,1015,64.6,2015-02-16 12:00:00,1
"136383","161700",2013,11,11,10,0,10,9.3,2400,11.4,5.9,1007.8,68.9,2013-11-11 12:00:00,4
"108026","161700",2012,6,10,13,0,250,9.3,1200,25.4,7.6,1011.6,32.2,2012-06-10 12:00:00,3
"102862","161700",2012,3,9,10,0,40,9.3,22000,11.1,0.3,1029.7,47.3,2012-03-09 12:00:00,2
"101362","161700",2012,2,11,13,0,360,9.3,3600,0.2,-9.8,1016,47,2012-02-11 12:00:00,1
"101307","161700",2012,2,10,13,0,40,9.3,3600,-0.4,-8.3,1018,55.2,2012-02-10 12:00:00,1
"101300","161700",2012,2,10,10,0,40,9.3,3600,-0.4,-8.6,1018.8,53.9,2012-02-10 12:00:00,1
"101280","161700",2012,2,10,1,0,50,9.3,3900,2.9,-8,1016.6,44.6,2012-02-10 12:00:00,1
"96888","161700",2011,11,22,22,0,30,9.3,22000,12.8,6.1,1018.4,63.7,2011-11-22 12:00:00,4
"93305","161700",2011,9,19,13,0,230,9.3,22000,23,6.6,1003.5,34.7,2011-09-19 12:00:00,4
"82462","161700",2011,3,7,10,0,50,9.3,22000,7.7,-6.3,1029.5,36.4,2011-03-07 12:00:00,2
"82098","161700",2011,2,28,16,0,30,9.3,9000,9,2.5,1014.8,63.8,2011-02-28 12:00:00,1
"80373","161700",2011,1,28,13,0,40,9.3,9000,8.4,1.5,1012.2,61.8,2011-01-28 12:00:00,1
"80004","161700",2011,1,21,16,0,30,9.3,3600,4.5,-2.1,1016.8,62.2,2011-01-21 12:00:00,1
"74449","161700",2010,10,11,10,0,30,9.3,5400,18.3,8.8,1007.8,53.9,2010-10-11 12:00:00,4
"64458","161700",2010,4,11,7,0,40,9.3,1200,8.9,4.3,1013.3,72.9,2010-04-11 12:00:00,2
"62685","161700",2010,3,9,16,0,30,9.3,600,2.8,-0.2,1004.1,80.6,2010-03-09 12:00:00,2
"62465","161700",2010,3,5,16,0,50,9.3,1200,6.3,-1.6,1012.9,57,2010-03-05 12:00:00,2
"53741","161700",2009,9,25,16,0,40,9.3,22000,26.7,11.2,1015.5,38,2009-09-25 12:00:00,4
"52586","161700",2009,9,4,13,0,250,9.3,22000,30.5,13.6,1010.1,35.7,2009-09-04 12:00:00,4
"43412","161700",2009,3,20,1,0,50,9.3,22000,8.8,4.2,1014.8,72.9,2009-03-20 12:00:00,2
"38897","161700",2008,12,26,1,0,50,9.3,2100,8.2,0.6,1019.4,58.8,2008-12-26 12:00:00,1
"37463","161700",2008,11,28,16,0,80,9.3,1050,9.2,6.8,999,84.9,2008-11-28 12:00:00,4
"37356","161700",2008,11,26,13,0,50,9.3,22000,10.5,0.4,1020.3,49.6,2008-11-26 12:00:00,4
"21592","161700",2008,2,8,13,0,40,9.3,22000,12.7,-5.7,1033.3,27.3,2008-02-08 12:00:00,1
"18702","161700",2007,12,17,4,0,40,9.3,22000,5.5,-2.1,1023.8,58.1,2007-12-17 12:00:00,1
"17054","161700",2007,11,16,7,0,50,9.3,2400,8.8,-1.3,1013.9,49.1,2007-11-16 12:00:00,4
"16853","161700",2007,11,12,16,0,60,9.3,22000,15.2,0.2,1011.2,36,2007-11-12 12:00:00,4
"16291","161700",2007,11,1,13,0,40,9.3,3600,15.3,5.2,1022.1,50.9,2007-11-01 12:00:00,4
"15662","161700",2007,10,20,13,0,50,9.3,22000,13.5,-0.1,1020.9,39.3,2007-10-20 12:00:00,4
"15643","161700",2007,10,20,4,0,80,9.3,22000,10,4.7,1021.7,69.6,2007-10-20 12:00:00,4
"3316","161700",2007,3,2,10,0,250,9.3,1050,15.2,8.4,1007.6,63.9,2007-03-02 12:00:00,2
"1291","161700",2007,1,24,10,0,220,9.3,1200,6.8,2.4,995.7,73.5,2007-01-24 12:00:00,1
"217826","161700",2017,12,2,13,0,40,8.8,2400,8.8,1.2,1011.7,58.9,2017-12-02 12:00:00,1
"214675","161700",2017,10,6,19,0,30,8.8,22000,16.1,6.6,1010.9,53.3,2017-10-06 12:00:00,4
"213626","161700",2017,9,17,13,0,240,8.8,22000,21.7,8.4,1014.4,42.5,2017-09-17 12:00:00,4
"209218","161700",2017,6,29,10,0,240,8.8,22000,26.1,11.1,1005.4,39.1,2017-06-29 12:00:00,3
"205268","161700",2017,4,18,16,0,30,8.8,1200,7.6,4.1,1011.5,78.5,2017-04-18 12:00:00,2
"200241","161700",2017,1,17,13,0,10,8.8,3000,3.1,-4.1,1013.7,59.2,2017-01-17 12:00:00,1
"183361","161700",2016,3,16,19,0,50,8.8,2100,10.5,3.1,1021.7,60.2,2016-03-16 12:00:00,2
"183347","161700",2016,3,16,13,0,40,8.8,7500,13.4,3.3,1018.9,50.4,2016-03-16 12:00:00,2
"179766","161700",2016,1,11,19,0,190,8.8,2100,13.8,7.3,998.2,64.9,2016-01-11 12:00:00,1
"165077","161700",2015,4,18,22,0,20,8.8,1500,12.6,5.2,1016.5,60.7,2015-04-18 12:00:00,2
"136397","161700",2013,11,11,16,0,40,8.8,2400,13.7,6.3,1010.6,60.9,2013-11-11 12:00:00,4
"213619","161700",2017,9,17,10,0,220,8.7,1050,21.7,9.2,1013.9,44.9,2017-09-17 12:00:00,4
"116569","161700",2012,11,12,13,0,70,8.7,660,15.5,13.6,1018.7,88.5,2012-11-12 12:00:00,4
"116499","161700",2012,11,11,7,0,110,8.7,750,17.6,14,1006.7,79.4,2012-11-11 12:00:00,4
"116191","161700",2012,11,5,16,0,250,8.7,22000,16.9,8.1,1006.2,56.1,2012-11-05 12:00:00,4
"110304","161700",2012,7,22,13,0,30,8.7,22000,28.1,9.8,1013.1,31.9,2012-07-22 12:00:00,3
"101052","161700",2012,2,5,22,0,10,8.7,2100,-2.1,-11.7,1021,47.8,2012-02-05 12:00:00,1
"100654","161700",2012,1,29,19,0,40,8.7,22000,6.6,-0.4,1018.2,61,2012-01-29 12:00:00,1
"82091","161700",2011,2,28,13,0,50,8.7,3600,12.6,3.3,1014.5,53.1,2011-02-28 12:00:00,1
"74834","161700",2010,10,18,13,0,20,8.7,6000,14.8,8.1,1009.4,64.2,2010-10-18 12:00:00,4
"72120","161700",2010,8,29,10,0,60,8.7,22000,24.6,12.1,1013.2,45.7,2010-08-29 12:00:00,3
"62570","161700",2010,3,7,13,0,50,8.7,22000,8.9,-0.3,1017.1,52.5,2010-03-07 12:00:00,2
"62563","161700",2010,3,7,10,0,50,8.7,22000,7.2,-0.7,1017.2,57.2,2010-03-07 12:00:00,2
"60666","161700",2010,1,31,13,0,360,8.7,22000,4.9,-4.8,1000.2,49.5,2010-01-31 12:00:00,1
"49966","161700",2009,7,18,13,0,260,8.7,22000,26.6,7.1,1009.3,29,2009-07-18 12:00:00,3
"48498","161700",2009,6,21,10,0,50,8.7,1500,20.7,9.2,1010.2,47.7,2009-06-21 12:00:00,3
"44066","161700",2009,4,1,13,0,30,8.7,3600,18.2,11.4,1009.4,64.5,2009-04-01 12:00:00,2
"43487","161700",2009,3,21,10,0,40,8.7,22000,7.2,-7.9,1019,33.3,2009-03-21 12:00:00,2
"43453","161700",2009,3,20,19,0,40,8.7,22000,5.6,-2.7,1019.1,55.2,2009-03-20 12:00:00,2
"43446","161700",2009,3,20,16,0,40,8.7,22000,7.5,-4.9,1018,41.1,2009-03-20 12:00:00,2
"43432","161700",2009,3,20,10,0,50,8.7,3600,7.9,-7.3,1017.5,33.3,2009-03-20 12:00:00,2
"39908","161700",2009,1,13,13,0,20,8.7,9000,8.8,2.6,1016.6,65.1,2009-01-13 12:00:00,1
"38999","161700",2008,12,27,22,0,20,8.7,2100,3.5,-3.5,1024.6,60.2,2008-12-27 12:00:00,1
"26513","161700",2008,5,10,16,0,50,8.7,22000,23.9,4.8,1012.9,29,2008-05-10 12:00:00,2
"26506","161700",2008,5,10,13,0,50,8.7,22000,24.5,5.3,1013.5,29,2008-05-10 12:00:00,2
"24694","161700",2008,4,7,10,0,230,8.7,22000,17.5,3.1,1002.1,38.2,2008-04-07 12:00:00,2
"21974","161700",2008,2,16,10,0,50,8.7,22000,6.6,-4.7,1033.9,44.3,2008-02-16 12:00:00,1
"17012","161700",2007,11,15,13,0,50,8.7,22000,11.5,-0.3,1007.1,44.1,2007-11-15 12:00:00,4
"13308","161700",2007,9,4,22,0,340,8.7,22000,17.3,6.1,1014.9,47.7,2007-09-04 12:00:00,4
"11447","161700",2007,7,31,4,0,50,8.7,22000,23.1,12.3,1010.2,50.6,2007-07-31 12:00:00,3
"8376","161700",2007,6,3,13,0,40,8.7,22000,24.2,13.5,1014.4,51.2,2007-06-03 12:00:00,3
"7332","161700",2007,5,15,10,0,230,8.7,1050,19.8,9.5,1013.5,51.4,2007-05-15 12:00:00,2
"217812","161700",2017,12,2,7,0,40,8.2,22000,7.9,1.9,1009.6,65.8,2017-12-02 12:00:00,1
"213342","161700",2017,9,12,10,0,230,8.2,22000,23.9,10.4,1006.6,42.5,2017-09-12 12:00:00,4
"210590","161700",2017,7,24,13,0,250,8.2,1500,29.4,14.7,1005.5,40.8,2017-07-24 12:00:00,3
"205812","161700",2017,4,28,13,0,240,8.2,22000,15.8,1.9,1009.8,39.1,2017-04-28 12:00:00,2
"201463","161700",2017,2,8,16,0,40,8.2,3000,10.4,0.6,1014.1,50.7,2017-02-08 12:00:00,1
"200234","161700",2017,1,17,10,0,10,8.2,3000,2.7,-4.7,1013.4,58.2,2017-01-17 12:00:00,1
"200185","161700",2017,1,16,13,0,10,8.2,2400,3.6,-4,1010.4,57.6,2017-01-16 12:00:00,1
"196458","161700",2016,11,8,16,0,240,8.2,1050,9.2,6.9,1006.3,85.5,2016-11-08 12:00:00,4
"186552","161700",2016,5,13,16,0,240,8.2,1800,18.5,8.2,1001.4,51.1,2016-05-13 12:00:00,2
"186489","161700",2016,5,12,13,0,230,8.2,1050,20,10.8,1002,55.4,2016-05-12 12:00:00,2
"185275","161700",2016,4,20,16,0,40,8.2,7500,22.3,4.8,1020.8,32,2016-04-20 12:00:00,2
"183354","161700",2016,3,16,16,0,40,8.2,2100,12.3,3.3,1019.7,54.2,2016-03-16 12:00:00,2
"176938","161700",2015,11,21,16,0,220,8.2,2100,14.3,8.9,988.2,70,2015-11-21 12:00:00,4
"174601","161700",2015,10,10,13,0,20,8.2,2400,16.5,12.4,1003.8,76.7,2015-10-10 12:00:00,4
"165091","161700",2015,4,19,4,0,50,8.2,2400,11.4,0.8,1017.6,48.1,2015-04-19 12:00:00,2
"162173","161700",2015,2,25,7,0,10,8.2,3000,8.2,1.2,1006.1,61.3,2015-02-25 12:00:00,1
"142611","161700",2014,3,4,13,0,10,8.2,2400,12.5,5.5,990.9,62.4,2014-03-04 12:00:00,2
"136432","161700",2013,11,12,7,0,10,8.2,2400,14.1,7.3,1016.4,63.6,2013-11-12 12:00:00,4
"116240","161700",2012,11,6,13,0,240,8.2,22000,17.3,8.5,1014.3,56.2,2012-11-06 12:00:00,4
"108138","161700",2012,6,12,13,0,250,8.2,22000,23.4,10.8,1005.5,45,2012-06-12 12:00:00,3
"102981","161700",2012,3,11,13,0,50,8.2,22000,16.5,-3,1020,26.2,2012-03-11 12:00:00,2
"102702","161700",2012,3,6,13,0,20,8.2,1350,9.9,2.9,1015.9,61.8,2012-03-06 12:00:00,2
"101141","161700",2012,2,7,13,0,20,8.2,22000,1.7,-7.1,1009.9,52.1,2012-02-07 12:00:00,1
"100668","161700",2012,1,30,1,0,40,8.2,22000,5.2,-1.6,1019.8,61.5,2012-01-30 12:00:00,1
"100661","161700",2012,1,29,22,0,50,8.2,22000,5.7,-1.1,1019.2,61.6,2012-01-29 12:00:00,1
"100647","161700",2012,1,29,16,0,40,8.2,22000,8.1,0.4,1017.2,58.3,2012-01-29 12:00:00,1
"94308","161700",2011,10,7,13,0,270,8.2,1200,20.4,11.6,1004.7,57,2011-10-07 12:00:00,4
"92029","161700",2011,8,27,13,0,230,8.2,22000,28.2,9.4,1012.3,30.8,2011-08-27 12:00:00,3
"83193","161700",2011,3,20,16,0,40,8.2,22000,12.8,-7.1,1023.6,24.4,2011-03-20 12:00:00,2
"79997","161700",2011,1,21,13,0,30,8.2,22000,5.2,-2.1,1016.3,59.3,2011-01-21 12:00:00,1
"79991","161700",2011,1,21,10,0,30,8.2,22000,5,-2.2,1017.1,59.7,2011-01-21 12:00:00,1
"63928","161700",2010,4,1,13,0,220,8.2,3600,16,6.2,1011.9,52.2,2010-04-01 12:00:00,2
"63881","161700",2010,3,31,16,0,250,8.2,22000,14.7,6.6,1009.3,58.3,2010-03-31 12:00:00,2
"62692","161700",2010,3,9,19,0,50,8.2,750,3.2,-0.2,1004.1,78.4,2010-03-09 12:00:00,2
"61697","161700",2010,2,19,10,0,130,8.2,3600,12.4,9.4,992,81.9,2010-02-19 12:00:00,1
"58131","161700",2009,12,15,7,0,320,8.2,22000,3.5,-2.4,1003.1,65.3,2009-12-15 12:00:00,1
"55263","161700",2009,10,23,7,0,40,8.2,3600,15.6,10.2,1000.6,70.2,2009-10-23 12:00:00,4
"52697","161700",2009,9,6,13,0,60,8.2,22000,26.2,7.5,1020.3,30.5,2009-09-06 12:00:00,4
"52593","161700",2009,9,4,16,0,260,8.2,22000,28,16,1010.2,48.1,2009-09-04 12:00:00,4
"47080","161700",2009,5,26,16,0,260,8.2,22000,30.9,9.7,1012,26.9,2009-05-26 12:00:00,2
"45586","161700",2009,4,29,13,0,250,8.2,1050,16.5,9.4,1008.1,62.9,2009-04-29 12:00:00,2
"44666","161700",2009,4,12,19,0,40,8.2,3600,17.7,8.7,1005.1,55.6,2009-04-12 12:00:00,2
"44073","161700",2009,4,1,16,0,30,8.2,3600,16.8,10.8,1008.6,67.7,2009-04-01 12:00:00,2
"43481","161700",2009,3,21,7,0,30,8.2,22000,5.6,-6.6,1018.9,41.1,2009-03-21 12:00:00,2
"43467","161700",2009,3,21,1,0,30,8.2,22000,6.5,-6.2,1019.4,39.8,2009-03-21 12:00:00,2
"42845","161700",2009,3,9,16,0,340,8.2,22000,16.4,-13.4,1008.8,11.7,2009-03-09 12:00:00,2
"38915","161700",2008,12,26,10,0,60,8.2,750,6.4,-1.6,1025.6,56.6,2008-12-26 12:00:00,1
"38890","161700",2008,12,25,22,0,50,8.2,22000,9,2,1018.2,61.5,2008-12-25 12:00:00,1
"37537","161700",2008,11,30,1,0,190,8.2,570,11.7,8.8,1001.7,82.4,2008-11-30 12:00:00,4
"22927","161700",2008,3,5,13,0,40,8.2,3600,8.1,0.9,1009.4,60.4,2008-03-05 12:00:00,2
"18722","161700",2007,12,17,13,0,40,8.2,3600,6.6,-2,1024.2,54.2,2007-12-17 12:00:00,1
"17040","161700",2007,11,16,1,0,60,8.2,4500,8.6,-2.3,1012.3,46.3,2007-11-16 12:00:00,4
"15733","161700",2007,10,21,22,0,60,8.2,22000,11.3,-0.4,1013.6,44.4,2007-10-21 12:00:00,4
"14025","161700",2007,9,19,13,0,30,8.2,3600,21.5,11.6,1017,53.3,2007-09-19 12:00:00,4
"13973","161700",2007,9,18,13,0,250,8.2,750,26.1,18.7,1009.3,63.8,2007-09-18 12:00:00,4
"10092","161700",2007,7,4,16,0,250,8.2,22000,24.5,10.4,1006.9,41,2007-07-04 12:00:00,3
"5060","161700",2007,4,3,16,0,70,8.2,3600,14,9,1007,71.8,2007-04-03 12:00:00,2
"72","161700",2007,1,2,7,0,240,8.2,1200,12.5,6.9,1014.3,68.7,2007-01-02 12:00:00,1
"216817","161700",2017,11,14,7,0,30,7.7,22000,9,1.3,1011.7,58.5,2017-11-14 12:00:00,4
"213349","161700",2017,9,12,13,0,250,7.7,22000,23.5,10.8,1008.7,44.8,2017-09-12 12:00:00,4
"209232","161700",2017,6,29,16,0,250,7.7,22000,27.3,9.4,1006.4,32.5,2017-06-29 12:00:00,3
"205805","161700",2017,4,28,10,0,230,7.7,3000,14.1,4.8,1008.4,53.5,2017-04-28 12:00:00,2
"202591","161700",2017,3,1,1,0,230,7.7,2400,12.8,5.6,1003.7,61.6,2017-03-01 12:00:00,2
"202373","161700",2017,2,25,1,0,360,7.7,1800,9.3,5,1010.7,74.5,2017-02-25 12:00:00,1
"201456","161700",2017,2,8,13,0,50,7.7,6000,13,2.1,1014.3,47.5,2017-02-08 12:00:00,1
"200123","161700",2017,1,15,10,0,10,7.7,5100,4.7,-2.5,1013.4,59.6,2017-01-15 12:00:00,1
"197533","161700",2016,11,29,1,0,50,7.7,22000,6.2,-3.8,1022.3,48.8,2016-11-29 12:00:00,4
"185656","161700",2016,4,27,13,0,240,7.7,1200,16.4,4.5,1009.2,45.2,2016-04-27 12:00:00,2
"182405","161700",2016,2,28,16,0,30,7.7,3600,14,5.8,1000.4,57.7,2016-02-28 12:00:00,1
"181416","161700",2016,2,10,10,0,240,7.7,3000,11.5,5.2,997.5,65.2,2016-02-10 12:00:00,1
"174149","161700",2015,10,2,10,0,40,7.7,2400,20.9,12.1,1018.5,57.1,2015-10-02 12:00:00,4
"165111","161700",2015,4,19,13,0,40,7.7,3000,15.6,3.4,1018,44,2015-04-19 12:00:00,2
"162630","161700",2015,3,5,13,0,30,7.7,3000,10.6,-5.8,1015.5,31.1,2015-03-05 12:00:00,2
"159079","161700",2014,12,31,10,0,20,7.7,6000,2.5,-5.6,1027.7,55.1,2014-12-31 12:00:00,1
"150195","161700",2014,7,21,7,0,280,7.7,1200,19.9,14.8,1010,72.5,2014-07-21 12:00:00,3
"148353","161700",2014,6,16,16,0,30,7.7,2400,22.4,13.1,1010.5,55.7,2014-06-16 12:00:00,3
"143903","161700",2014,3,27,16,0,20,7.7,1200,13.8,4.6,1004,53.8,2014-03-27 12:00:00,2
"143896","161700",2014,3,27,13,0,20,7.7,1500,14.5,7.2,1004.2,61.6,2014-03-27 12:00:00,2
"137525","161700",2013,12,2,10,0,20,7.7,2400,10.4,1.8,1020.9,55.2,2013-12-02 12:00:00,1
"113869","161700",2012,9,24,19,0,240,7.7,22000,23.6,16.5,1007.6,64.4,2012-09-24 12:00:00,4
"110700","161700",2012,7,29,16,0,230,7.7,22000,32.3,14.3,1010.9,33.7,2012-07-29 12:00:00,3
"110478","161700",2012,7,25,16,0,280,7.7,3600,29.6,14.2,1012.7,39,2012-07-25 12:00:00,3
"107691","161700",2012,6,4,13,0,290,7.7,1200,19.1,16.6,1009,85.4,2012-06-04 12:00:00,3
"105436","161700",2012,4,24,13,0,220,7.7,1200,15.6,7.9,1005.9,60.2,2012-04-24 12:00:00,2
"104494","161700",2012,4,7,16,0,250,7.7,3600,16,6.6,1003,53.7,2012-04-07 12:00:00,2
"102953","161700",2012,3,11,1,0,30,7.7,22000,10.5,-8.7,1024,25.1,2012-03-11 12:00:00,2
"102716","161700",2012,3,6,19,0,50,7.7,1200,9,1.4,1019,59,2012-03-06 12:00:00,2
"100640","161700",2012,1,29,13,0,40,7.7,3600,10.4,0.4,1017.3,49.9,2012-01-29 12:00:00,1
"96874","161700",2011,11,22,16,0,30,7.7,22000,12.8,6.6,1016.6,66,2011-11-22 12:00:00,4
"94751","161700",2011,10,15,13,0,50,7.7,22000,15.7,0.6,1025.3,35.8,2011-10-15 12:00:00,4
"85463","161700",2011,4,30,16,0,40,7.7,22000,19.7,10.8,1002,56.5,2011-04-30 12:00:00,2
"84633","161700",2011,4,15,16,0,50,7.7,22000,14.1,4.4,1013.3,52,2011-04-15 12:00:00,2
"84626","161700",2011,4,15,13,0,50,7.7,3600,13.9,6.3,1013.7,60.2,2011-04-15 12:00:00,2
"84508","161700",2011,4,13,10,0,70,7.7,22000,14.9,2.5,1016.5,43.2,2011-04-13 12:00:00,2
"82312","161700",2011,3,4,13,0,30,7.7,22000,11.3,3.4,1024.3,58.3,2011-03-04 12:00:00,2
"82201","161700",2011,3,2,13,0,40,7.7,750,6.7,-2,1018.4,53.8,2011-03-02 12:00:00,2
"81974","161700",2011,2,26,10,0,20,7.7,22000,6.3,-4.4,1020.9,46.3,2011-02-26 12:00:00,1
"76953","161700",2010,11,26,13,0,240,7.7,1050,8.6,-0.9,996.1,51.3,2010-11-26 12:00:00,4
"74415","161700",2010,10,10,19,0,30,7.7,22000,15.4,8.1,1007.7,61.8,2010-10-10 12:00:00,4
"74300","161700",2010,10,8,16,0,30,7.7,22000,20.1,10.9,1019.1,55.4,2010-10-08 12:00:00,4
"74293","161700",2010,10,8,13,0,30,7.7,22000,22,11.8,1019.8,52.4,2010-10-08 12:00:00,4
"73219","161700",2010,9,18,16,0,220,7.7,750,26.9,16.9,1009.6,54.3,2010-09-18 12:00:00,4
"66549","161700",2010,5,19,13,0,70,7.7,3600,12.8,9.3,1016.9,79.3,2010-05-19 12:00:00,2
"63827","161700",2010,3,30,16,0,150,7.7,1050,17.2,10.5,1002.3,64.7,2010-03-30 12:00:00,2
"62584","161700",2010,3,7,19,0,50,7.7,22000,5.2,-1.8,1017.6,60.6,2010-03-07 12:00:00,2
"62084","161700",2010,2,26,16,0,230,7.7,22000,15.2,7.7,999.9,60.9,2010-02-26 12:00:00,1
"59473","161700",2010,1,9,10,0,100,7.7,1200,8.4,5,992.3,79.2,2010-01-09 12:00:00,1
"58686","161700",2009,12,25,16,0,260,7.7,22000,14.5,8.2,1002,65.9,2009-12-25 12:00:00,1
"58137","161700",2009,12,15,10,0,310,7.7,22000,4.1,-2.5,1003.7,62.2,2009-12-15 12:00:00,1
"55658","161700",2009,10,30,13,0,30,7.7,22000,19.7,8.9,1021.1,49.7,2009-10-30 12:00:00,4
"53686","161700",2009,9,24,16,0,40,7.7,22000,27.4,11.7,1015.1,37.7,2009-09-24 12:00:00,4
"49973","161700",2009,7,18,16,0,240,7.7,22000,26.4,10.1,1010.6,35.9,2009-07-18 12:00:00,3
"49101","161700",2009,7,2,13,0,60,7.7,420,29.2,13.8,1014.8,38.9,2009-07-02 12:00:00,3
"47259","161700",2009,5,29,22,0,60,7.7,1200,16.4,6,1018.8,50.2,2009-05-29 12:00:00,2
"45866","161700",2009,5,4,16,0,300,7.7,22000,19.9,8.3,1013.6,47.1,2009-05-04 12:00:00,2
"45268","161700",2009,4,23,19,0,50,7.7,3600,12.9,7.1,1015.1,67.8,2009-04-23 12:00:00,2
"44918","161700",2009,4,17,10,0,320,7.7,750,10.3,8,1013.5,85.6,2009-04-17 12:00:00,2
"43494","161700",2009,3,21,13,0,40,7.7,22000,8.9,-4.9,1019.2,37.3,2009-03-21 12:00:00,2
"43474","161700",2009,3,21,4,0,20,7.7,22000,6,-6,1018.8,41.9,2009-03-21 12:00:00,2
"41441","161700",2009,2,10,16,0,250,7.7,1200,13.4,6.4,1004.5,62.6,2009-02-10 12:00:00,1
"38904","161700",2008,12,26,4,0,40,7.7,2100,6.1,-1.1,1021.2,59.9,2008-12-26 12:00:00,1
"37363","161700",2008,11,26,16,0,50,7.7,22000,9,-0.5,1021.2,51.4,2008-11-26 12:00:00,4
"34468","161700",2008,10,3,16,0,260,7.7,3600,19.3,10.3,1006.7,56,2008-10-03 12:00:00,4
"34461","161700",2008,10,3,13,0,250,7.7,900,19.7,9.9,1007.4,53.2,2008-10-03 12:00:00,4
"31403","161700",2008,8,8,16,0,260,7.7,22000,32.2,14.9,1005.9,35.2,2008-08-08 12:00:00,3
"30446","161700",2008,7,22,4,0,360,7.7,22000,20.8,13.3,1011.6,62.2,2008-07-22 12:00:00,3
"26565","161700",2008,5,11,16,0,50,7.7,22000,23.5,5.2,1014.3,30.6,2008-05-11 12:00:00,2
"24707","161700",2008,4,7,16,0,250,7.7,22000,18.2,4.1,1003.3,39.2,2008-04-07 12:00:00,2
"24700","161700",2008,4,7,13,0,240,7.7,22000,19.5,2.3,1002.6,31.9,2008-04-07 12:00:00,2
"24653","161700",2008,4,6,16,0,250,7.7,22000,16,4.8,1001.5,47.4,2008-04-06 12:00:00,2
"23825","161700",2008,3,22,4,0,230,7.7,1200,11.1,7.8,986.2,80.1,2008-03-22 12:00:00,2
"22955","161700",2008,3,6,1,0,40,7.7,22000,7,-0.4,1014,59.3,2008-03-06 12:00:00,2
"18510","161700",2007,12,13,13,0,40,7.7,22000,13.5,-0.1,1026.7,39.3,2007-12-13 12:00:00,1
"17720","161700",2007,11,28,16,0,30,7.7,22000,12.9,2.3,1017.4,48.5,2007-11-28 12:00:00,4
"17068","161700",2007,11,16,13,0,50,7.7,2400,9.7,-0.6,1015.2,48.7,2007-11-16 12:00:00,4
"17061","161700",2007,11,16,10,0,50,7.7,2400,8.9,0.3,1015.8,54.8,2007-11-16 12:00:00,4
"15649","161700",2007,10,20,7,0,50,7.7,22000,10,3.1,1021.5,62.2,2007-10-20 12:00:00,4
"11879","161700",2007,8,8,13,0,310,7.7,750,22.2,19,1009.3,82.1,2007-08-08 12:00:00,3
"11441","161700",2007,7,31,1,0,40,7.7,22000,23.3,14.3,1009.9,57,2007-07-31 12:00:00,3
"10406","161700",2007,7,10,16,0,240,7.7,22000,25.9,11.6,1008.3,40.9,2007-07-10 12:00:00,3
"9714","161700",2007,6,27,16,0,240,7.7,22000,23.9,9.3,1008.6,39.5,2007-06-27 12:00:00,3
"7338","161700",2007,5,15,13,0,250,7.7,22000,20.2,8.9,1013.5,48.2,2007-05-15 12:00:00,2
"6326","161700",2007,4,26,13,0,50,7.7,22000,24.1,4.9,1017.2,28.9,2007-04-26 12:00:00,2
"5774","161700",2007,4,16,16,0,30,7.7,22000,25.4,6,1014.8,28.8,2007-04-16 12:00:00,2
"5719","161700",2007,4,15,16,0,30,7.7,22000,25.8,6.7,1015.9,29.6,2007-04-15 12:00:00,2
"5658","161700",2007,4,14,13,0,40,7.7,22000,25.4,2.7,1016.2,22.9,2007-04-14 12:00:00,2
"5109","161700",2007,4,4,13,0,40,7.7,1500,14.7,6.9,1002.8,59.5,2007-04-04 12:00:00,2
"3285","161700",2007,3,1,19,0,240,7.7,1050,14.6,8,1010.6,64.6,2007-03-01 12:00:00,2
"2354","161700",2007,2,12,22,0,230,7.7,540,12.6,11,997.5,90,2007-02-12 12:00:00,1
"1243","161700",2007,1,23,13,0,160,7.7,1200,17.2,9,1000.2,58.5,2007-01-23 12:00:00,1
"216998","161700",2017,11,17,16,0,360,7.2,22000,14.3,3.3,1015.2,47.6,2017-11-17 12:00:00,4
"216810","161700",2017,11,14,4,0,30,7.2,22000,7.7,0.9,1009.4,62.1,2017-11-14 12:00:00,4
"213633","161700",2017,9,17,16,0,230,7.2,22000,20.9,9.3,1014.9,47.4,2017-09-17 12:00:00,4
"212809","161700",2017,9,2,16,0,220,7.2,22000,24.7,10.8,1007.4,41.6,2017-09-02 12:00:00,4
"212802","161700",2017,9,2,13,0,230,7.2,22000,26.8,5.8,1008.1,26.2,2017-09-02 12:00:00,4
"212795","161700",2017,9,2,10,0,200,7.2,22000,25.5,6.3,1009.6,29.3,2017-09-02 12:00:00,4
"210162","161700",2017,7,16,10,0,40,7.2,22000,26.7,6,1019.5,26.7,2017-07-16 12:00:00,3
"208566","161700",2017,6,17,10,0,50,7.2,22000,30.7,17.4,1013.5,45,2017-06-17 12:00:00,3
"202899","161700",2017,3,6,13,0,220,7.2,1800,12.8,8.3,1009.4,74.1,2017-03-06 12:00:00,2
"202787","161700",2017,3,4,13,0,110,7.2,900,13.2,8.3,1006.7,72.2,2017-03-04 12:00:00,2
"202598","161700",2017,3,1,4,0,220,7.2,900,10.8,5,1004.9,67.4,2017-03-01 12:00:00,2
"202570","161700",2017,2,28,16,0,190,7.2,2400,14.9,7.3,1006.1,60.4,2017-02-28 12:00:00,1
"202380","161700",2017,2,25,4,0,40,7.2,2400,7.7,1.1,1013.3,63,2017-02-25 12:00:00,1
"201484","161700",2017,2,9,1,0,30,7.2,4200,7.3,-1.7,1017.4,52.8,2017-02-09 12:00:00,1
"200569","161700",2017,1,23,13,0,30,7.2,6000,11.8,0.6,1018.4,46.2,2017-01-23 12:00:00,1
"200227","161700",2017,1,17,7,0,40,7.2,2400,2.6,-5.2,1011.5,56.4,2017-01-17 12:00:00,1
"199850","161700",2017,1,10,13,0,50,7.2,3000,5.4,-4.9,1011.5,47.4,2017-01-10 12:00:00,1
"195071","161700",2016,10,14,16,0,260,7.2,1350,16.1,15,1012.2,93.2,2016-10-14 12:00:00,4
"190042","161700",2016,7,15,13,0,10,7.2,2100,25,9.9,1016,38.5,2016-07-15 12:00:00,3
"187551","161700",2016,5,31,13,0,270,7.2,900,19.9,13.8,1015.5,67.9,2016-05-31 12:00:00,2
"187495","161700",2016,5,30,13,0,240,7.2,2100,23.3,10.7,1012.7,45,2016-05-30 12:00:00,2
"186496","161700",2016,5,12,16,0,230,7.2,1350,19.2,7.9,1001.9,47.9,2016-05-12 12:00:00,2
"183124","161700",2016,3,12,13,0,20,7.2,1500,14.2,3.4,1016.3,48.2,2016-03-12 12:00:00,2
"181742","161700",2016,2,16,13,0,30,7.2,2700,12.7,6.8,1017.7,67.3,2016-02-16 12:00:00,1
"181646","161700",2016,2,14,13,0,220,7.2,1200,13.9,10.5,991.9,80,2016-02-14 12:00:00,1
"176903","161700",2015,11,21,1,0,220,7.2,1800,16.3,13,1001.2,80.8,2015-11-21 12:00:00,4
"174156","161700",2015,10,2,13,0,50,7.2,1500,23,12.9,1018.3,53,2015-10-02 12:00:00,4
"171643","161700",2015,8,17,13,0,250,7.2,1200,26.5,13.3,1009.9,44.1,2015-08-17 12:00:00,3
"166445","161700",2015,5,13,16,0,230,7.2,7500,23.8,11.5,1020.1,46,2015-05-13 12:00:00,2
"164342","161700",2015,4,5,16,0,20,7.2,3000,10.7,1,1010.5,51.1,2015-04-05 12:00:00,2
"161049","161700",2015,2,5,1,0,50,7.2,2100,7.6,3.8,1002.3,76.9,2015-02-05 12:00:00,1
"157901","161700",2014,12,9,10,0,50,7.2,4200,10.6,2.4,1013.7,56.9,2014-12-09 12:00:00,1
"143889","161700",2014,3,27,10,0,30,7.2,3300,12.4,7.6,1005.2,72.5,2014-03-27 12:00:00,2
"140779","161700",2014,1,30,13,0,90,7.2,1200,11.6,10.1,1004.3,90.5,2014-01-30 12:00:00,1
"136279","161700",2013,11,9,13,0,230,7.2,1200,21.2,16,1012.4,72.2,2013-11-09 12:00:00,4
"135944","161700",2013,11,3,13,0,210,7.2,1500,22.9,14.6,1009.8,59.5,2013-11-03 12:00:00,4
"113257","161700",2012,9,13,19,0,40,7.2,22000,17.8,6.2,1005.6,46.6,2012-09-13 12:00:00,4
"111098","161700",2012,8,5,19,0,250,7.2,22000,31.3,20.2,1010,51.8,2012-08-05 12:00:00,3
"110353","161700",2012,7,23,10,0,30,7.2,1500,20.9,10.2,1016.9,50.4,2012-07-23 12:00:00,3
"110311","161700",2012,7,22,16,0,30,7.2,22000,26.6,8.4,1012.8,31.7,2012-07-22 12:00:00,3
"110137","161700",2012,7,19,13,0,230,7.2,22000,33.3,4.6,1014.5,16.6,2012-07-19 12:00:00,3
"109923","161700",2012,7,15,13,0,250,7.2,22000,26.8,11.5,1013.2,38.5,2012-07-15 12:00:00,3
"109916","161700",2012,7,15,10,0,240,7.2,22000,26.7,11.6,1012.1,39,2012-07-15 12:00:00,3
"109825","161700",2012,7,13,16,0,230,7.2,22000,28.5,12.7,1011.4,37.7,2012-07-13 12:00:00,3
"108194","161700",2012,6,13,13,0,260,7.2,1350,23.3,9.8,1014,42.4,2012-06-13 12:00:00,3
"108089","161700",2012,6,11,16,0,250,7.2,9000,23.8,11,1006.6,44.5,2012-06-11 12:00:00,3
"108082","161700",2012,6,11,13,0,240,7.2,22000,24.5,13.6,1007.1,50.7,2012-06-11 12:00:00,3
"106658","161700",2012,5,16,13,0,20,7.2,22000,17.3,3.9,1011.4,40.9,2012-05-16 12:00:00,2
"106611","161700",2012,5,15,16,0,230,7.2,22000,21,7.4,1009.4,41.4,2012-05-15 12:00:00,2
"106548","161700",2012,5,14,13,0,40,7.2,9000,16.4,1.3,1014.2,36,2012-05-14 12:00:00,2
"105275","161700",2012,4,21,16,0,260,7.2,22000,17.6,3.3,1010.5,38.5,2012-04-21 12:00:00,2
"105268","161700",2012,4,21,13,0,260,7.2,1350,17.8,8.4,1010.6,54.1,2012-04-21 12:00:00,2
"104829","161700",2012,4,13,16,0,20,7.2,1500,15.7,7.4,995.3,57.8,2012-04-13 12:00:00,2
"104822","161700",2012,4,13,13,0,20,7.2,2100,16.5,7.1,997.1,53.8,2012-04-13 12:00:00,2
"104487","161700",2012,4,7,13,0,260,7.2,1050,15.9,8.9,1004.7,63.2,2012-04-07 12:00:00,2
"103767","161700",2012,3,25,16,0,60,7.2,6000,20.9,2.2,1022.2,29,2012-03-25 12:00:00,2
"102205","161700",2012,2,26,16,0,40,7.2,22000,12.8,4.6,1013.1,57.4,2012-02-26 12:00:00,1
"101355","161700",2012,2,11,10,0,360,7.2,3600,-1.9,-8.2,1015.9,62.1,2012-02-11 12:00:00,1
"100787","161700",2012,2,1,4,0,30,7.2,750,0,-1.1,1009.3,92.3,2012-02-01 12:00:00,1
"100633","161700",2012,1,29,10,0,60,7.2,6600,9.1,0.4,1018,54.5,2012-01-29 12:00:00,1
"99375","161700",2012,1,6,19,0,340,7.2,22000,10.5,-8.8,1011.8,24.9,2012-01-06 12:00:00,1
"99347","161700",2012,1,6,7,0,330,7.2,22000,10.5,-5.5,1000.8,32,2012-01-06 12:00:00,1
"97576","161700",2011,12,5,7,0,250,7.2,3600,15.1,8.9,1008.6,66.5,2011-12-05 12:00:00,1
"94807","161700",2011,10,16,13,0,20,7.2,22000,18.1,3.3,1024.8,37.3,2011-10-16 12:00:00,4
"94301","161700",2011,10,7,10,0,210,7.2,1500,22.1,14.4,1005.5,61.7,2011-10-07 12:00:00,4
"92036","161700",2011,8,27,16,0,230,7.2,22000,26.9,9,1012.7,32.4,2011-08-27 12:00:00,3
"91222","161700",2011,8,12,16,0,230,7.2,22000,28.8,8.1,1012.4,27.3,2011-08-12 12:00:00,3
"91056","161700",2011,8,9,16,0,350,7.2,22000,28.6,13.4,1012.1,39.3,2011-08-09 12:00:00,3
"90009","161700",2011,7,21,16,0,240,7.2,22000,25.3,13.9,1007.4,49.2,2011-07-21 12:00:00,3
"89953","161700",2011,7,20,16,0,230,7.2,22000,24.4,12.2,1006.9,46.5,2011-07-20 12:00:00,3
"89841","161700",2011,7,18,16,0,230,7.2,22000,25.8,10.5,1007.6,38.2,2011-07-18 12:00:00,3
"89834","161700",2011,7,18,13,0,240,7.2,22000,26.3,9.3,1007.8,34.3,2011-07-18 12:00:00,3
"89562","161700",2011,7,13,16,0,200,7.2,22000,36.8,12.4,1007.2,23.2,2011-07-13 12:00:00,3
"87662","161700",2011,6,9,13,0,260,7.2,22000,22.9,10.6,1012.7,45.8,2011-06-09 12:00:00,3
"87328","161700",2011,6,3,13,0,30,7.2,22000,28.9,14.3,1017.1,40.9,2011-06-03 12:00:00,3
"86832","161700",2011,5,25,13,0,60,7.2,22000,30.3,12.5,1018.7,33.6,2011-05-25 12:00:00,2
"86825","161700",2011,5,25,10,0,60,7.2,22000,28.9,12.5,1019.4,36.4,2011-05-25 12:00:00,2
"86448","161700",2011,5,18,13,0,30,7.2,22000,25.2,8.9,1017.7,35.6,2011-05-18 12:00:00,2
"86295","161700",2011,5,15,19,0,10,7.2,3600,12.8,5.7,1014.3,62,2011-05-15 12:00:00,2
"85950","161700",2011,5,9,10,0,30,7.2,22000,18.6,3.6,1024.5,36.9,2011-05-09 12:00:00,2
"84487","161700",2011,4,13,1,0,40,7.2,3600,13.3,9.5,1011.7,77.8,2011-04-13 12:00:00,2
"84072","161700",2011,4,5,13,0,50,7.2,22000,19.4,3.7,1022.9,35.4,2011-04-05 12:00:00,2
"82139","161700",2011,3,1,10,0,40,7.2,3600,7.9,1.8,1016.4,65.4,2011-03-01 12:00:00,2
"80326","161700",2011,1,27,16,0,30,7.2,22000,8.9,1.5,1009,59.8,2011-01-27 12:00:00,1
"79984","161700",2011,1,21,7,0,30,7.2,3600,3.9,-1.7,1016.7,66.9,2011-01-21 12:00:00,1
"78582","161700",2010,12,26,13,0,30,7.2,1200,7.5,1.9,1010.8,67.6,2010-12-26 12:00:00,1
"75324","161700",2010,10,27,13,0,50,7.2,22000,13.4,-0.1,1022.5,39.5,2010-10-27 12:00:00,4
"74814","161700",2010,10,18,4,0,40,7.2,22000,11.7,7.2,1009.5,73.9,2010-10-18 12:00:00,4
"74507","161700",2010,10,12,13,0,50,7.2,22000,19.9,10.1,1010.2,53.2,2010-10-12 12:00:00,4
"71426","161700",2010,8,16,16,0,260,7.2,22000,24.8,12.8,1015.7,47.2,2010-08-16 12:00:00,3
"71419","161700",2010,8,16,13,0,250,7.2,22000,25.3,11.5,1015.6,42.1,2010-08-16 12:00:00,3
"71412","161700",2010,8,16,10,0,220,7.2,22000,25.1,14.3,1015.8,51.1,2010-08-16 12:00:00,3
"71318","161700",2010,8,14,16,0,80,7.2,600,19.4,18.5,1010,94.5,2010-08-14 12:00:00,3
"69843","161700",2010,7,18,16,0,10,7.2,22000,31.4,15.6,1014.7,38.5,2010-07-18 12:00:00,3
"68347","161700",2010,6,21,10,0,360,7.2,1350,17.9,11.7,1005.7,67.1,2010-06-21 12:00:00,3
"63935","161700",2010,4,1,16,0,260,7.2,3600,14.7,8.3,1012.8,65.5,2010-04-01 12:00:00,2
"63657","161700",2010,3,27,13,0,250,7.2,22000,16.9,5.5,1012.6,47,2010-03-27 12:00:00,2
"62598","161700",2010,3,8,1,0,40,7.2,22000,4.1,-4.4,1016.7,53.9,2010-03-08 12:00:00,2
"62077","161700",2010,2,26,13,0,250,7.2,1350,16.2,11.3,999.2,72.7,2010-02-26 12:00:00,1
"61450","161700",2010,2,14,19,0,30,7.2,9000,6.9,1,1005.2,66.1,2010-02-14 12:00:00,1
"59800","161700",2010,1,15,13,0,30,7.2,22000,9.8,2.6,1016.7,60.9,2010-01-15 12:00:00,1
"59702","161700",2010,1,13,16,0,20,7.2,7200,8,1.7,1008,64.5,2010-01-13 12:00:00,1
"58124","161700",2009,12,15,4,0,320,7.2,22000,4.1,-2.1,1004.1,64,2009-12-15 12:00:00,1
"54838","161700",2009,10,15,13,0,30,7.2,22000,15.1,-1.6,1015.8,31.7,2009-10-15 12:00:00,4
"53518","161700",2009,9,21,16,0,30,7.2,22000,25.4,15.3,1017.3,53.6,2009-09-21 12:00:00,4
"52969","161700",2009,9,11,13,0,30,7.2,22000,28,9.4,1017.3,31.2,2009-09-11 12:00:00,4
"52920","161700",2009,9,10,16,0,40,7.2,22000,27.6,9.6,1018.3,32.4,2009-09-10 12:00:00,4
"52814","161700",2009,9,8,16,0,60,7.2,22000,26.8,5.5,1019.6,25.7,2009-09-08 12:00:00,4
"51928","161700",2009,8,23,10,0,40,7.2,22000,32,16.4,1014.7,39.2,2009-08-23 12:00:00,3
"49952","161700",2009,7,18,7,0,220,7.2,22000,21.3,10.2,1006.7,49.2,2009-07-18 12:00:00,3
"48449","161700",2009,6,20,13,0,360,7.2,22000,25,14,1010.2,50.5,2009-06-20 12:00:00,3
"48400","161700",2009,6,19,16,0,250,7.2,22000,31.3,11.2,1013.2,29.1,2009-06-19 12:00:00,3
"48290","161700",2009,6,17,16,0,360,7.2,9000,27.5,16.4,1019.4,50.8,2009-06-17 12:00:00,3
"47680","161700",2009,6,6,13,0,180,7.2,1050,26,14.9,1004.4,50.4,2009-06-06 12:00:00,3
"45167","161700",2009,4,21,22,0,20,7.2,22000,17.4,9.8,1011.7,61,2009-04-21 12:00:00,2
"44653","161700",2009,4,12,13,0,50,7.2,22000,22.8,8.6,1006,40.3,2009-04-12 12:00:00,2
"43659","161700",2009,3,24,16,0,40,7.2,900,7.5,4,999.6,78.5,2009-03-24 12:00:00,2
"43220","161700",2009,3,16,13,0,40,7.2,22000,18,3,1025.6,36.8,2009-03-16 12:00:00,2
"39648","161700",2009,1,8,16,0,30,7.2,3600,7.8,1.6,1020.5,64.9,2009-01-08 12:00:00,1
"37530","161700",2008,11,29,22,0,120,7.2,3600,12.2,7.4,1002,72.5,2008-11-29 12:00:00,4
"35167","161700",2008,10,16,16,0,250,7.2,1500,23.5,13.1,1015.2,52.1,2008-10-16 12:00:00,4
"33744","161700",2008,9,20,10,0,60,7.2,22000,19.2,7.2,1020.4,45.7,2008-09-20 12:00:00,4
"32225","161700",2008,8,23,16,0,260,7.2,22000,27.1,14.9,1008.9,47.2,2008-08-23 12:00:00,3
"30029","161700",2008,7,14,13,0,230,7.2,22000,26.1,9.8,1013.8,35.8,2008-07-14 12:00:00,3
"30022","161700",2008,7,14,10,0,230,7.2,22000,25.2,10.9,1012.9,40.7,2008-07-14 12:00:00,3
"26291","161700",2008,5,6,13,0,60,7.2,22000,22.1,6.9,1019.7,37.4,2008-05-06 12:00:00,2
"25860","161700",2008,4,28,16,0,240,7.2,22000,20.6,1.9,1013.5,28.9,2008-04-28 12:00:00,2
"24918","161700",2008,4,11,13,0,190,7.2,1200,19.4,10.3,1002.5,55.6,2008-04-11 12:00:00,2
"22962","161700",2008,3,6,4,0,10,7.2,3600,5.2,0.2,1013.9,70.1,2008-03-06 12:00:00,2
"22948","161700",2008,3,5,22,0,50,7.2,3600,7,0.6,1013.6,63.8,2008-03-05 12:00:00,2
"22906","161700",2008,3,5,4,0,360,7.2,1200,6.3,2.1,1006.6,74.5,2008-03-05 12:00:00,2
"22864","161700",2008,3,4,10,0,220,7.2,1200,14,5.1,1006.9,55,2008-03-04 12:00:00,2
"21699","161700",2008,2,10,16,0,50,7.2,22000,11.1,-0.2,1029.9,45.6,2008-02-10 12:00:00,1
"21693","161700",2008,2,10,13,0,20,7.2,22000,11.6,-1,1030,41.7,2008-02-10 12:00:00,1
"21599","161700",2008,2,8,16,0,50,7.2,22000,11.8,-3.4,1032.5,34.4,2008-02-08 12:00:00,1
"18697","161700",2007,12,17,1,0,30,7.2,22000,5.6,-1.6,1024.9,59.8,2007-12-17 12:00:00,1
"18617","161700",2007,12,15,13,0,40,7.2,22000,4.8,-6.4,1026.1,44.1,2007-12-15 12:00:00,1
"17033","161700",2007,11,15,22,0,60,7.2,22000,8.7,-0.1,1011.4,54,2007-11-15 12:00:00,4
"16700","161700",2007,11,9,19,0,320,7.2,3600,12.6,-12,1010.2,16.8,2007-11-09 12:00:00,4
"16353","161700",2007,11,2,16,0,30,7.2,22000,17.1,1.7,1023.5,35.5,2007-11-02 12:00:00,4
"15747","161700",2007,10,22,4,0,10,7.2,22000,9.3,0.5,1011.8,54.2,2007-10-22 12:00:00,4
"14405","161700",2007,9,26,16,0,250,7.2,22000,21.1,8.8,1004.8,45.3,2007-09-26 12:00:00,4
"9484","161700",2007,6,23,13,0,230,7.2,22000,27.6,9.1,1014.6,31.3,2007-06-23 12:00:00,3
"9477","161700",2007,6,23,10,0,250,7.2,22000,26.4,10.7,1013.8,37.4,2007-06-23 12:00:00,3
"5630","161700",2007,4,14,1,0,40,7.2,22000,21.6,0.5,1016.5,24.6,2007-04-14 12:00:00,2
"4396","161700",2007,3,22,16,0,30,7.2,22000,11.7,-3.5,1004.3,34.4,2007-03-22 12:00:00,2
"4188","161700",2007,3,18,16,0,240,7.2,22000,17.7,8.4,1011.5,54.5,2007-03-18 12:00:00,2
"3856","161700",2007,3,12,13,0,40,7.2,22000,17.3,1.8,1024.5,35.3,2007-03-12 12:00:00,2
"3793","161700",2007,3,11,10,0,40,7.2,1050,11.5,1.7,1026.7,51,2007-03-11 12:00:00,2
"3758","161700",2007,3,10,19,0,50,7.2,22000,14.1,-2.8,1023.2,31,2007-03-10 12:00:00,2
"3303","161700",2007,3,2,4,0,230,7.2,1050,14.9,7.4,1007.3,60.8,2007-03-02 12:00:00,2
"3292","161700",2007,3,1,22,0,230,7.2,1050,14.2,8.4,1010.2,68.1,2007-03-01 12:00:00,2
"3278","161700",2007,3,1,16,0,250,7.2,3600,15.1,6.4,1009.7,56.1,2007-03-01 12:00:00,2
"218169","161700",2017,12,8,22,0,220,6.7,1350,11,8.2,1009.7,82.9,2017-12-08 12:00:00,1
"217819","161700",2017,12,2,10,0,60,6.7,4500,8.5,1.4,1011.2,61,2017-12-02 12:00:00,1
"216789","161700",2017,11,13,19,0,40,6.7,900,6.3,2.1,1003.2,74.5,2017-11-13 12:00:00,4
"215558","161700",2017,10,22,16,0,240,6.7,22000,19.6,7.6,1010.4,45.8,2017-10-22 12:00:00,4
"213466","161700",2017,9,14,16,0,240,6.7,1800,25.9,10.1,1012,37,2017-09-14 12:00:00,4
"212754","161700",2017,9,1,16,0,240,6.7,22000,28.4,13.8,1011.8,40.8,2017-09-01 12:00:00,4
"212747","161700",2017,9,1,13,0,250,6.7,22000,29,13.8,1012.3,39.4,2017-09-01 12:00:00,4
"212083","161700",2017,8,20,13,0,40,6.7,22000,29.8,11,1014.8,31.3,2017-08-20 12:00:00,3
"211428","161700",2017,8,8,16,0,250,6.7,22000,36,16.2,1010.6,31,2017-08-08 12:00:00,3
"209952","161700",2017,7,12,16,0,240,6.7,22000,31.2,14.9,1012.9,37.3,2017-07-12 12:00:00,3
"209896","161700",2017,7,11,16,0,240,6.7,22000,32.6,14.1,1013.9,32.7,2017-07-11 12:00:00,3
"208744","161700",2017,6,20,16,0,220,6.7,22000,32.4,9.3,1016.9,24.1,2017-06-20 12:00:00,3
"206041","161700",2017,5,2,16,0,250,6.7,22000,18.3,3.6,1018.7,37.6,2017-05-02 12:00:00,2
"205687","161700",2017,4,26,7,0,110,6.7,1200,14.3,6.9,1010.9,61.1,2017-04-26 12:00:00,2
"205490","161700",2017,4,22,16,0,240,6.7,1350,17.5,7.4,1020,51.5,2017-04-22 12:00:00,2
"205483","161700",2017,4,22,13,0,240,6.7,1350,17.4,6.9,1022.2,50.1,2017-04-22 12:00:00,2
"203960","161700",2017,3,25,19,0,250,6.7,1500,16,10.6,1018.7,70.3,2017-03-25 12:00:00,2
"203017","161700",2017,3,8,16,0,40,6.7,22000,16.1,-4.5,1019.5,24,2017-03-08 12:00:00,2
"192967","161700",2016,9,6,16,0,60,6.7,2100,29.5,9,1013.6,27.8,2016-09-06 12:00:00,4
"191820","161700",2016,8,16,16,0,230,6.7,22000,31.2,11.6,1014.1,30.1,2016-08-16 12:00:00,3
"187488","161700",2016,5,30,10,0,250,6.7,2100,22.3,11.5,1012.1,50.4,2016-05-30 12:00:00,2
"185607","161700",2016,4,26,16,0,240,6.7,1350,14.6,6.7,1008.6,59.1,2016-04-26 12:00:00,2
"183708","161700",2016,3,23,1,0,60,6.7,5100,12.9,2.2,996,48.2,2016-03-23 12:00:00,2
"183068","161700",2016,3,11,13,0,30,6.7,1200,13.5,5.2,1014.8,57.2,2016-03-11 12:00:00,2
"182740","161700",2016,3,5,16,0,140,6.7,1800,13,9.8,996.7,80.9,2016-03-05 12:00:00,2
"182440","161700",2016,2,29,7,0,100,6.7,1200,9.9,6.7,998.6,80.5,2016-02-29 12:00:00,1
"182363","161700",2016,2,27,22,0,100,6.7,3000,13.6,6.3,1004.9,61.3,2016-02-27 12:00:00,1
"179759","161700",2016,1,11,16,0,210,6.7,750,15.2,11.8,998.9,80.1,2016-01-11 12:00:00,1
"179696","161700",2016,1,10,13,0,230,6.7,900,16.6,11.6,1006.2,72.3,2016-01-10 12:00:00,1
"176945","161700",2015,11,21,19,0,70,6.7,1350,11.7,6.5,987,70.4,2015-11-21 12:00:00,4
"175817","161700",2015,11,1,10,0,30,6.7,22000,15.5,5.8,1031.2,52.4,2015-11-01 12:00:00,4
"173988","161700",2015,9,29,13,0,30,6.7,2100,18.8,6.6,1024.6,45,2015-09-29 12:00:00,4
"168658","161700",2015,6,23,16,0,250,6.7,2700,28.8,12.2,1008.2,35.9,2015-06-23 12:00:00,3
"164007","161700",2015,3,30,16,0,220,6.7,900,17.2,10.4,1006.7,64.3,2015-03-30 12:00:00,2
"163289","161700",2015,3,17,16,0,30,6.7,3600,14.4,5.6,1022.7,55.5,2015-03-17 12:00:00,2
"163171","161700",2015,3,15,13,0,40,6.7,3600,14,3.1,1021.5,47.8,2015-03-15 12:00:00,2
"161708","161700",2015,2,16,22,0,30,6.7,2700,12.8,5.1,1018.8,59.5,2015-02-16 12:00:00,1
"161680","161700",2015,2,16,10,0,30,6.7,3900,12.2,5.4,1014.5,63.2,2015-02-16 12:00:00,1
"156028","161700",2014,11,4,22,0,110,6.7,3600,17.8,11.9,1005,68.4,2014-11-04 12:00:00,4
"148305","161700",2014,6,15,19,0,50,6.7,2400,21.6,9.9,1011,47.3,2014-06-15 12:00:00,3
"148298","161700",2014,6,15,16,0,40,6.7,2400,22.6,10.9,1010.6,47.6,2014-06-15 12:00:00,3
"148190","161700",2014,6,13,16,0,70,6.7,1500,25.8,17.8,1011.7,61.3,2014-06-13 12:00:00,3
"147276","161700",2014,5,27,13,0,240,6.7,1800,20.3,10.8,1014,54.4,2014-05-27 12:00:00,2
"145941","161700",2014,5,3,10,0,30,6.7,1050,14.1,10.4,1006,78.4,2014-05-03 12:00:00,2
"145170","161700",2014,4,19,13,0,100,6.7,1050,13.9,9,1004.2,72.3,2014-04-19 12:00:00,2
"143882","161700",2014,3,27,7,0,40,6.7,3000,12.2,5.5,1004.5,63.6,2014-03-27 12:00:00,2
"142604","161700",2014,3,4,10,0,20,6.7,1800,9.9,4.2,989.5,67.7,2014-03-04 12:00:00,2
"138791","161700",2013,12,25,13,0,150,6.7,2700,15.5,10.2,1007.5,70.7,2013-12-25 12:00:00,1
"137539","161700",2013,12,2,16,0,50,6.7,2400,9.8,2,1022.9,58.3,2013-12-02 12:00:00,1
"132120","161700",2013,8,25,4,0,330,6.7,750,16,16,1009.4,100,2013-08-25 12:00:00,3
"129628","161700",2013,7,10,16,0,180,6.7,1800,20.9,19.3,1011.2,90.6,2013-07-10 12:00:00,3
"126938","161700",2013,5,22,16,0,40,6.7,6000,22.1,9.2,1002.1,43.8,2013-05-22 12:00:00,2
"123383","161700",2013,3,18,19,0,200,6.7,22000,10.9,6.1,996.1,72.3,2013-03-18 12:00:00,2
"117452","161700",2012,11,28,10,0,70,6.7,1200,12.9,11.2,995.8,89.4,2012-11-28 12:00:00,4
"116728","161700",2012,11,15,10,0,20,6.7,22000,13.4,4.2,1022.4,53.7,2012-11-15 12:00:00,4
"116686","161700",2012,11,14,16,0,30,6.7,22000,15.3,8.4,1023.3,63.4,2012-11-14 12:00:00,4
"115949","161700",2012,11,1,7,0,250,6.7,750,13.5,9.8,993.9,78.3,2012-11-01 12:00:00,4
